-- phpMyAdmin SQL Dump
-- version 5.0.4
-- https://www.phpmyadmin.net/
--
-- Host: localhost
-- Generation Time: Apr 20, 2022 at 02:46 PM
-- Server version: 10.4.17-MariaDB
-- PHP Version: 8.0.2

SET SQL_MODE = "NO_AUTO_VALUE_ON_ZERO";
START TRANSACTION;
SET time_zone = "+00:00";


/*!40101 SET @OLD_CHARACTER_SET_CLIENT=@@CHARACTER_SET_CLIENT */;
/*!40101 SET @OLD_CHARACTER_SET_RESULTS=@@CHARACTER_SET_RESULTS */;
/*!40101 SET @OLD_COLLATION_CONNECTION=@@COLLATION_CONNECTION */;
/*!40101 SET NAMES utf8mb4 */;

--
-- Database: `ikan-api`
--

-- --------------------------------------------------------

--
-- Table structure for table `carts`
--

CREATE TABLE `carts` (
  `id` bigint(20) UNSIGNED NOT NULL,
  `product_id` bigint(20) UNSIGNED NOT NULL,
  `customer_id` bigint(20) UNSIGNED NOT NULL,
  `price` bigint(20) NOT NULL,
  `weight` int(11) NOT NULL,
  `created_at` timestamp NULL DEFAULT NULL,
  `updated_at` timestamp NULL DEFAULT NULL
) ENGINE=InnoDB DEFAULT CHARSET=utf8mb4 COLLATE=utf8mb4_unicode_ci;

--
-- Dumping data for table `carts`
--

INSERT INTO `carts` (`id`, `product_id`, `customer_id`, `price`, `weight`, `created_at`, `updated_at`) VALUES
(32, 2, 1, 2000000, 200, '2022-04-17 23:11:44', '2022-04-17 23:11:57');

-- --------------------------------------------------------

--
-- Table structure for table `categories`
--

CREATE TABLE `categories` (
  `id` bigint(20) UNSIGNED NOT NULL,
  `name` varchar(255) COLLATE utf8mb4_unicode_ci NOT NULL,
  `slug` varchar(255) COLLATE utf8mb4_unicode_ci NOT NULL,
  `image` varchar(255) COLLATE utf8mb4_unicode_ci NOT NULL,
  `created_at` timestamp NULL DEFAULT NULL,
  `updated_at` timestamp NULL DEFAULT NULL
) ENGINE=InnoDB DEFAULT CHARSET=utf8mb4 COLLATE=utf8mb4_unicode_ci;

--
-- Dumping data for table `categories`
--

INSERT INTO `categories` (`id`, `name`, `slug`, `image`, `created_at`, `updated_at`) VALUES
(1, 'nasma', 'nasma', 'X3Gu5L5f1ywZpJWdHnSoMP5QDeMR3j71SOzXY4Em.png', '2022-04-10 07:55:59', '2022-04-13 06:40:47');

-- --------------------------------------------------------

--
-- Table structure for table `cities`
--

CREATE TABLE `cities` (
  `id` bigint(20) UNSIGNED NOT NULL,
  `province_id` bigint(20) UNSIGNED NOT NULL,
  `city_id` int(11) NOT NULL,
  `name` varchar(255) COLLATE utf8mb4_unicode_ci NOT NULL,
  `created_at` timestamp NULL DEFAULT NULL,
  `updated_at` timestamp NULL DEFAULT NULL
) ENGINE=InnoDB DEFAULT CHARSET=utf8mb4 COLLATE=utf8mb4_unicode_ci;

--
-- Dumping data for table `cities`
--

INSERT INTO `cities` (`id`, `province_id`, `city_id`, `name`, `created_at`, `updated_at`) VALUES
(1, 21, 1, 'Aceh Barat-(Kabupaten)', '2022-04-08 20:37:49', '2022-04-08 20:37:49'),
(2, 21, 2, 'Aceh Barat Daya-(Kabupaten)', '2022-04-08 20:37:49', '2022-04-08 20:37:49'),
(3, 21, 3, 'Aceh Besar-(Kabupaten)', '2022-04-08 20:37:49', '2022-04-08 20:37:49'),
(4, 21, 4, 'Aceh Jaya-(Kabupaten)', '2022-04-08 20:37:49', '2022-04-08 20:37:49'),
(5, 21, 5, 'Aceh Selatan-(Kabupaten)', '2022-04-08 20:37:49', '2022-04-08 20:37:49'),
(6, 21, 6, 'Aceh Singkil-(Kabupaten)', '2022-04-08 20:37:49', '2022-04-08 20:37:49'),
(7, 21, 7, 'Aceh Tamiang-(Kabupaten)', '2022-04-08 20:37:49', '2022-04-08 20:37:49'),
(8, 21, 8, 'Aceh Tengah-(Kabupaten)', '2022-04-08 20:37:49', '2022-04-08 20:37:49'),
(9, 21, 9, 'Aceh Tenggara-(Kabupaten)', '2022-04-08 20:37:49', '2022-04-08 20:37:49'),
(10, 21, 10, 'Aceh Timur-(Kabupaten)', '2022-04-08 20:37:49', '2022-04-08 20:37:49'),
(11, 21, 11, 'Aceh Utara-(Kabupaten)', '2022-04-08 20:37:49', '2022-04-08 20:37:49'),
(12, 32, 12, 'Agam-(Kabupaten)', '2022-04-08 20:37:49', '2022-04-08 20:37:49'),
(13, 23, 13, 'Alor-(Kabupaten)', '2022-04-08 20:37:49', '2022-04-08 20:37:49'),
(14, 19, 14, 'Ambon-(Kota)', '2022-04-08 20:37:49', '2022-04-08 20:37:49'),
(15, 34, 15, 'Asahan-(Kabupaten)', '2022-04-08 20:37:49', '2022-04-08 20:37:49'),
(16, 24, 16, 'Asmat-(Kabupaten)', '2022-04-08 20:37:49', '2022-04-08 20:37:49'),
(17, 1, 17, 'Badung-(Kabupaten)', '2022-04-08 20:37:49', '2022-04-08 20:37:49'),
(18, 13, 18, 'Balangan-(Kabupaten)', '2022-04-08 20:37:49', '2022-04-08 20:37:49'),
(19, 15, 19, 'Balikpapan-(Kota)', '2022-04-08 20:37:49', '2022-04-08 20:37:49'),
(20, 21, 20, 'Banda Aceh-(Kota)', '2022-04-08 20:37:49', '2022-04-08 20:37:49'),
(21, 18, 21, 'Bandar Lampung-(Kota)', '2022-04-08 20:37:49', '2022-04-08 20:37:49'),
(22, 9, 22, 'Bandung-(Kabupaten)', '2022-04-08 20:37:49', '2022-04-08 20:37:49'),
(23, 9, 23, 'Bandung-(Kota)', '2022-04-08 20:37:49', '2022-04-08 20:37:49'),
(24, 9, 24, 'Bandung Barat-(Kabupaten)', '2022-04-08 20:37:49', '2022-04-08 20:37:49'),
(25, 29, 25, 'Banggai-(Kabupaten)', '2022-04-08 20:37:49', '2022-04-08 20:37:49'),
(26, 29, 26, 'Banggai Kepulauan-(Kabupaten)', '2022-04-08 20:37:49', '2022-04-08 20:37:49'),
(27, 2, 27, 'Bangka-(Kabupaten)', '2022-04-08 20:37:49', '2022-04-08 20:37:49'),
(28, 2, 28, 'Bangka Barat-(Kabupaten)', '2022-04-08 20:37:49', '2022-04-08 20:37:49'),
(29, 2, 29, 'Bangka Selatan-(Kabupaten)', '2022-04-08 20:37:50', '2022-04-08 20:37:50'),
(30, 2, 30, 'Bangka Tengah-(Kabupaten)', '2022-04-08 20:37:50', '2022-04-08 20:37:50'),
(31, 11, 31, 'Bangkalan-(Kabupaten)', '2022-04-08 20:37:50', '2022-04-08 20:37:50'),
(32, 1, 32, 'Bangli-(Kabupaten)', '2022-04-08 20:37:50', '2022-04-08 20:37:50'),
(33, 13, 33, 'Banjar-(Kabupaten)', '2022-04-08 20:37:50', '2022-04-08 20:37:50'),
(34, 9, 34, 'Banjar-(Kota)', '2022-04-08 20:37:50', '2022-04-08 20:37:50'),
(35, 13, 35, 'Banjarbaru-(Kota)', '2022-04-08 20:37:50', '2022-04-08 20:37:50'),
(36, 13, 36, 'Banjarmasin-(Kota)', '2022-04-08 20:37:50', '2022-04-08 20:37:50'),
(37, 10, 37, 'Banjarnegara-(Kabupaten)', '2022-04-08 20:37:50', '2022-04-08 20:37:50'),
(38, 28, 38, 'Bantaeng-(Kabupaten)', '2022-04-08 20:37:50', '2022-04-08 20:37:50'),
(39, 5, 39, 'Bantul-(Kabupaten)', '2022-04-08 20:37:50', '2022-04-08 20:37:50'),
(40, 33, 40, 'Banyuasin-(Kabupaten)', '2022-04-08 20:37:50', '2022-04-08 20:37:50'),
(41, 10, 41, 'Banyumas-(Kabupaten)', '2022-04-08 20:37:50', '2022-04-08 20:37:50'),
(42, 11, 42, 'Banyuwangi-(Kabupaten)', '2022-04-08 20:37:50', '2022-04-08 20:37:50'),
(43, 13, 43, 'Barito Kuala-(Kabupaten)', '2022-04-08 20:37:50', '2022-04-08 20:37:50'),
(44, 14, 44, 'Barito Selatan-(Kabupaten)', '2022-04-08 20:37:50', '2022-04-08 20:37:50'),
(45, 14, 45, 'Barito Timur-(Kabupaten)', '2022-04-08 20:37:50', '2022-04-08 20:37:50'),
(46, 14, 46, 'Barito Utara-(Kabupaten)', '2022-04-08 20:37:50', '2022-04-08 20:37:50'),
(47, 28, 47, 'Barru-(Kabupaten)', '2022-04-08 20:37:50', '2022-04-08 20:37:50'),
(48, 17, 48, 'Batam-(Kota)', '2022-04-08 20:37:50', '2022-04-08 20:37:50'),
(49, 10, 49, 'Batang-(Kabupaten)', '2022-04-08 20:37:50', '2022-04-08 20:37:50'),
(50, 8, 50, 'Batang Hari-(Kabupaten)', '2022-04-08 20:37:50', '2022-04-08 20:37:50'),
(51, 11, 51, 'Batu-(Kota)', '2022-04-08 20:37:50', '2022-04-08 20:37:50'),
(52, 34, 52, 'Batu Bara-(Kabupaten)', '2022-04-08 20:37:50', '2022-04-08 20:37:50'),
(53, 30, 53, 'Bau-Bau-(Kota)', '2022-04-08 20:37:50', '2022-04-08 20:37:50'),
(54, 9, 54, 'Bekasi-(Kabupaten)', '2022-04-08 20:37:50', '2022-04-08 20:37:50'),
(55, 9, 55, 'Bekasi-(Kota)', '2022-04-08 20:37:50', '2022-04-08 20:37:50'),
(56, 2, 56, 'Belitung-(Kabupaten)', '2022-04-08 20:37:50', '2022-04-08 20:37:50'),
(57, 2, 57, 'Belitung Timur-(Kabupaten)', '2022-04-08 20:37:50', '2022-04-08 20:37:50'),
(58, 23, 58, 'Belu-(Kabupaten)', '2022-04-08 20:37:50', '2022-04-08 20:37:50'),
(59, 21, 59, 'Bener Meriah-(Kabupaten)', '2022-04-08 20:37:50', '2022-04-08 20:37:50'),
(60, 26, 60, 'Bengkalis-(Kabupaten)', '2022-04-08 20:37:50', '2022-04-08 20:37:50'),
(61, 12, 61, 'Bengkayang-(Kabupaten)', '2022-04-08 20:37:50', '2022-04-08 20:37:50'),
(62, 4, 62, 'Bengkulu-(Kota)', '2022-04-08 20:37:50', '2022-04-08 20:37:50'),
(63, 4, 63, 'Bengkulu Selatan-(Kabupaten)', '2022-04-08 20:37:50', '2022-04-08 20:37:50'),
(64, 4, 64, 'Bengkulu Tengah-(Kabupaten)', '2022-04-08 20:37:50', '2022-04-08 20:37:50'),
(65, 4, 65, 'Bengkulu Utara-(Kabupaten)', '2022-04-08 20:37:50', '2022-04-08 20:37:50'),
(66, 15, 66, 'Berau-(Kabupaten)', '2022-04-08 20:37:50', '2022-04-08 20:37:50'),
(67, 24, 67, 'Biak Numfor-(Kabupaten)', '2022-04-08 20:37:50', '2022-04-08 20:37:50'),
(68, 22, 68, 'Bima-(Kabupaten)', '2022-04-08 20:37:50', '2022-04-08 20:37:50'),
(69, 22, 69, 'Bima-(Kota)', '2022-04-08 20:37:50', '2022-04-08 20:37:50'),
(70, 34, 70, 'Binjai-(Kota)', '2022-04-08 20:37:50', '2022-04-08 20:37:50'),
(71, 17, 71, 'Bintan-(Kabupaten)', '2022-04-08 20:37:50', '2022-04-08 20:37:50'),
(72, 21, 72, 'Bireuen-(Kabupaten)', '2022-04-08 20:37:50', '2022-04-08 20:37:50'),
(73, 31, 73, 'Bitung-(Kota)', '2022-04-08 20:37:50', '2022-04-08 20:37:50'),
(74, 11, 74, 'Blitar-(Kabupaten)', '2022-04-08 20:37:50', '2022-04-08 20:37:50'),
(75, 11, 75, 'Blitar-(Kota)', '2022-04-08 20:37:50', '2022-04-08 20:37:50'),
(76, 10, 76, 'Blora-(Kabupaten)', '2022-04-08 20:37:50', '2022-04-08 20:37:50'),
(77, 7, 77, 'Boalemo-(Kabupaten)', '2022-04-08 20:37:50', '2022-04-08 20:37:50'),
(78, 9, 78, 'Bogor-(Kabupaten)', '2022-04-08 20:37:50', '2022-04-08 20:37:50'),
(79, 9, 79, 'Bogor-(Kota)', '2022-04-08 20:37:50', '2022-04-08 20:37:50'),
(80, 11, 80, 'Bojonegoro-(Kabupaten)', '2022-04-08 20:37:50', '2022-04-08 20:37:50'),
(81, 31, 81, 'Bolaang Mongondow (Bolmong)-(Kabupaten)', '2022-04-08 20:37:50', '2022-04-08 20:37:50'),
(82, 31, 82, 'Bolaang Mongondow Selatan-(Kabupaten)', '2022-04-08 20:37:50', '2022-04-08 20:37:50'),
(83, 31, 83, 'Bolaang Mongondow Timur-(Kabupaten)', '2022-04-08 20:37:50', '2022-04-08 20:37:50'),
(84, 31, 84, 'Bolaang Mongondow Utara-(Kabupaten)', '2022-04-08 20:37:50', '2022-04-08 20:37:50'),
(85, 30, 85, 'Bombana-(Kabupaten)', '2022-04-08 20:37:50', '2022-04-08 20:37:50'),
(86, 11, 86, 'Bondowoso-(Kabupaten)', '2022-04-08 20:37:50', '2022-04-08 20:37:50'),
(87, 28, 87, 'Bone-(Kabupaten)', '2022-04-08 20:37:50', '2022-04-08 20:37:50'),
(88, 7, 88, 'Bone Bolango-(Kabupaten)', '2022-04-08 20:37:50', '2022-04-08 20:37:50'),
(89, 15, 89, 'Bontang-(Kota)', '2022-04-08 20:37:50', '2022-04-08 20:37:50'),
(90, 24, 90, 'Boven Digoel-(Kabupaten)', '2022-04-08 20:37:50', '2022-04-08 20:37:50'),
(91, 10, 91, 'Boyolali-(Kabupaten)', '2022-04-08 20:37:50', '2022-04-08 20:37:50'),
(92, 10, 92, 'Brebes-(Kabupaten)', '2022-04-08 20:37:50', '2022-04-08 20:37:50'),
(93, 32, 93, 'Bukittinggi-(Kota)', '2022-04-08 20:37:50', '2022-04-08 20:37:50'),
(94, 1, 94, 'Buleleng-(Kabupaten)', '2022-04-08 20:37:50', '2022-04-08 20:37:50'),
(95, 28, 95, 'Bulukumba-(Kabupaten)', '2022-04-08 20:37:50', '2022-04-08 20:37:50'),
(96, 16, 96, 'Bulungan (Bulongan)-(Kabupaten)', '2022-04-08 20:37:50', '2022-04-08 20:37:50'),
(97, 8, 97, 'Bungo-(Kabupaten)', '2022-04-08 20:37:50', '2022-04-08 20:37:50'),
(98, 29, 98, 'Buol-(Kabupaten)', '2022-04-08 20:37:50', '2022-04-08 20:37:50'),
(99, 19, 99, 'Buru-(Kabupaten)', '2022-04-08 20:37:50', '2022-04-08 20:37:50'),
(100, 19, 100, 'Buru Selatan-(Kabupaten)', '2022-04-08 20:37:50', '2022-04-08 20:37:50'),
(101, 30, 101, 'Buton-(Kabupaten)', '2022-04-08 20:37:50', '2022-04-08 20:37:50'),
(102, 30, 102, 'Buton Utara-(Kabupaten)', '2022-04-08 20:37:50', '2022-04-08 20:37:50'),
(103, 9, 103, 'Ciamis-(Kabupaten)', '2022-04-08 20:37:50', '2022-04-08 20:37:50'),
(104, 9, 104, 'Cianjur-(Kabupaten)', '2022-04-08 20:37:50', '2022-04-08 20:37:50'),
(105, 10, 105, 'Cilacap-(Kabupaten)', '2022-04-08 20:37:50', '2022-04-08 20:37:50'),
(106, 3, 106, 'Cilegon-(Kota)', '2022-04-08 20:37:50', '2022-04-08 20:37:50'),
(107, 9, 107, 'Cimahi-(Kota)', '2022-04-08 20:37:50', '2022-04-08 20:37:50'),
(108, 9, 108, 'Cirebon-(Kabupaten)', '2022-04-08 20:37:50', '2022-04-08 20:37:50'),
(109, 9, 109, 'Cirebon-(Kota)', '2022-04-08 20:37:50', '2022-04-08 20:37:50'),
(110, 34, 110, 'Dairi-(Kabupaten)', '2022-04-08 20:37:50', '2022-04-08 20:37:50'),
(111, 24, 111, 'Deiyai (Deliyai)-(Kabupaten)', '2022-04-08 20:37:50', '2022-04-08 20:37:50'),
(112, 34, 112, 'Deli Serdang-(Kabupaten)', '2022-04-08 20:37:50', '2022-04-08 20:37:50'),
(113, 10, 113, 'Demak-(Kabupaten)', '2022-04-08 20:37:50', '2022-04-08 20:37:50'),
(114, 1, 114, 'Denpasar-(Kota)', '2022-04-08 20:37:50', '2022-04-08 20:37:50'),
(115, 9, 115, 'Depok-(Kota)', '2022-04-08 20:37:50', '2022-04-08 20:37:50'),
(116, 32, 116, 'Dharmasraya-(Kabupaten)', '2022-04-08 20:37:50', '2022-04-08 20:37:50'),
(117, 24, 117, 'Dogiyai-(Kabupaten)', '2022-04-08 20:37:50', '2022-04-08 20:37:50'),
(118, 22, 118, 'Dompu-(Kabupaten)', '2022-04-08 20:37:50', '2022-04-08 20:37:50'),
(119, 29, 119, 'Donggala-(Kabupaten)', '2022-04-08 20:37:50', '2022-04-08 20:37:50'),
(120, 26, 120, 'Dumai-(Kota)', '2022-04-08 20:37:50', '2022-04-08 20:37:50'),
(121, 33, 121, 'Empat Lawang-(Kabupaten)', '2022-04-08 20:37:50', '2022-04-08 20:37:50'),
(122, 23, 122, 'Ende-(Kabupaten)', '2022-04-08 20:37:50', '2022-04-08 20:37:50'),
(123, 28, 123, 'Enrekang-(Kabupaten)', '2022-04-08 20:37:50', '2022-04-08 20:37:50'),
(124, 25, 124, 'Fakfak-(Kabupaten)', '2022-04-08 20:37:50', '2022-04-08 20:37:50'),
(125, 23, 125, 'Flores Timur-(Kabupaten)', '2022-04-08 20:37:50', '2022-04-08 20:37:50'),
(126, 9, 126, 'Garut-(Kabupaten)', '2022-04-08 20:37:50', '2022-04-08 20:37:50'),
(127, 21, 127, 'Gayo Lues-(Kabupaten)', '2022-04-08 20:37:50', '2022-04-08 20:37:50'),
(128, 1, 128, 'Gianyar-(Kabupaten)', '2022-04-08 20:37:50', '2022-04-08 20:37:50'),
(129, 7, 129, 'Gorontalo-(Kabupaten)', '2022-04-08 20:37:50', '2022-04-08 20:37:50'),
(130, 7, 130, 'Gorontalo-(Kota)', '2022-04-08 20:37:50', '2022-04-08 20:37:50'),
(131, 7, 131, 'Gorontalo Utara-(Kabupaten)', '2022-04-08 20:37:50', '2022-04-08 20:37:50'),
(132, 28, 132, 'Gowa-(Kabupaten)', '2022-04-08 20:37:50', '2022-04-08 20:37:50'),
(133, 11, 133, 'Gresik-(Kabupaten)', '2022-04-08 20:37:50', '2022-04-08 20:37:50'),
(134, 10, 134, 'Grobogan-(Kabupaten)', '2022-04-08 20:37:50', '2022-04-08 20:37:50'),
(135, 5, 135, 'Gunung Kidul-(Kabupaten)', '2022-04-08 20:37:50', '2022-04-08 20:37:50'),
(136, 14, 136, 'Gunung Mas-(Kabupaten)', '2022-04-08 20:37:50', '2022-04-08 20:37:50'),
(137, 34, 137, 'Gunungsitoli-(Kota)', '2022-04-08 20:37:50', '2022-04-08 20:37:50'),
(138, 20, 138, 'Halmahera Barat-(Kabupaten)', '2022-04-08 20:37:50', '2022-04-08 20:37:50'),
(139, 20, 139, 'Halmahera Selatan-(Kabupaten)', '2022-04-08 20:37:50', '2022-04-08 20:37:50'),
(140, 20, 140, 'Halmahera Tengah-(Kabupaten)', '2022-04-08 20:37:50', '2022-04-08 20:37:50'),
(141, 20, 141, 'Halmahera Timur-(Kabupaten)', '2022-04-08 20:37:50', '2022-04-08 20:37:50'),
(142, 20, 142, 'Halmahera Utara-(Kabupaten)', '2022-04-08 20:37:50', '2022-04-08 20:37:50'),
(143, 13, 143, 'Hulu Sungai Selatan-(Kabupaten)', '2022-04-08 20:37:50', '2022-04-08 20:37:50'),
(144, 13, 144, 'Hulu Sungai Tengah-(Kabupaten)', '2022-04-08 20:37:50', '2022-04-08 20:37:50'),
(145, 13, 145, 'Hulu Sungai Utara-(Kabupaten)', '2022-04-08 20:37:50', '2022-04-08 20:37:50'),
(146, 34, 146, 'Humbang Hasundutan-(Kabupaten)', '2022-04-08 20:37:50', '2022-04-08 20:37:50'),
(147, 26, 147, 'Indragiri Hilir-(Kabupaten)', '2022-04-08 20:37:50', '2022-04-08 20:37:50'),
(148, 26, 148, 'Indragiri Hulu-(Kabupaten)', '2022-04-08 20:37:50', '2022-04-08 20:37:50'),
(149, 9, 149, 'Indramayu-(Kabupaten)', '2022-04-08 20:37:50', '2022-04-08 20:37:50'),
(150, 24, 150, 'Intan Jaya-(Kabupaten)', '2022-04-08 20:37:50', '2022-04-08 20:37:50'),
(151, 6, 151, 'Jakarta Barat-(Kota)', '2022-04-08 20:37:50', '2022-04-08 20:37:50'),
(152, 6, 152, 'Jakarta Pusat-(Kota)', '2022-04-08 20:37:50', '2022-04-08 20:37:50'),
(153, 6, 153, 'Jakarta Selatan-(Kota)', '2022-04-08 20:37:50', '2022-04-08 20:37:50'),
(154, 6, 154, 'Jakarta Timur-(Kota)', '2022-04-08 20:37:50', '2022-04-08 20:37:50'),
(155, 6, 155, 'Jakarta Utara-(Kota)', '2022-04-08 20:37:50', '2022-04-08 20:37:50'),
(156, 8, 156, 'Jambi-(Kota)', '2022-04-08 20:37:50', '2022-04-08 20:37:50'),
(157, 24, 157, 'Jayapura-(Kabupaten)', '2022-04-08 20:37:50', '2022-04-08 20:37:50'),
(158, 24, 158, 'Jayapura-(Kota)', '2022-04-08 20:37:50', '2022-04-08 20:37:50'),
(159, 24, 159, 'Jayawijaya-(Kabupaten)', '2022-04-08 20:37:50', '2022-04-08 20:37:50'),
(160, 11, 160, 'Jember-(Kabupaten)', '2022-04-08 20:37:50', '2022-04-08 20:37:50'),
(161, 1, 161, 'Jembrana-(Kabupaten)', '2022-04-08 20:37:50', '2022-04-08 20:37:50'),
(162, 28, 162, 'Jeneponto-(Kabupaten)', '2022-04-08 20:37:50', '2022-04-08 20:37:50'),
(163, 10, 163, 'Jepara-(Kabupaten)', '2022-04-08 20:37:50', '2022-04-08 20:37:50'),
(164, 11, 164, 'Jombang-(Kabupaten)', '2022-04-08 20:37:50', '2022-04-08 20:37:50'),
(165, 25, 165, 'Kaimana-(Kabupaten)', '2022-04-08 20:37:50', '2022-04-08 20:37:50'),
(166, 26, 166, 'Kampar-(Kabupaten)', '2022-04-08 20:37:50', '2022-04-08 20:37:50'),
(167, 14, 167, 'Kapuas-(Kabupaten)', '2022-04-08 20:37:50', '2022-04-08 20:37:50'),
(168, 12, 168, 'Kapuas Hulu-(Kabupaten)', '2022-04-08 20:37:50', '2022-04-08 20:37:50'),
(169, 10, 169, 'Karanganyar-(Kabupaten)', '2022-04-08 20:37:50', '2022-04-08 20:37:50'),
(170, 1, 170, 'Karangasem-(Kabupaten)', '2022-04-08 20:37:50', '2022-04-08 20:37:50'),
(171, 9, 171, 'Karawang-(Kabupaten)', '2022-04-08 20:37:50', '2022-04-08 20:37:50'),
(172, 17, 172, 'Karimun-(Kabupaten)', '2022-04-08 20:37:50', '2022-04-08 20:37:50'),
(173, 34, 173, 'Karo-(Kabupaten)', '2022-04-08 20:37:50', '2022-04-08 20:37:50'),
(174, 14, 174, 'Katingan-(Kabupaten)', '2022-04-08 20:37:50', '2022-04-08 20:37:50'),
(175, 4, 175, 'Kaur-(Kabupaten)', '2022-04-08 20:37:50', '2022-04-08 20:37:50'),
(176, 12, 176, 'Kayong Utara-(Kabupaten)', '2022-04-08 20:37:50', '2022-04-08 20:37:50'),
(177, 10, 177, 'Kebumen-(Kabupaten)', '2022-04-08 20:37:50', '2022-04-08 20:37:50'),
(178, 11, 178, 'Kediri-(Kabupaten)', '2022-04-08 20:37:50', '2022-04-08 20:37:50'),
(179, 11, 179, 'Kediri-(Kota)', '2022-04-08 20:37:50', '2022-04-08 20:37:50'),
(180, 24, 180, 'Keerom-(Kabupaten)', '2022-04-08 20:37:50', '2022-04-08 20:37:50'),
(181, 10, 181, 'Kendal-(Kabupaten)', '2022-04-08 20:37:50', '2022-04-08 20:37:50'),
(182, 30, 182, 'Kendari-(Kota)', '2022-04-08 20:37:50', '2022-04-08 20:37:50'),
(183, 4, 183, 'Kepahiang-(Kabupaten)', '2022-04-08 20:37:50', '2022-04-08 20:37:50'),
(184, 17, 184, 'Kepulauan Anambas-(Kabupaten)', '2022-04-08 20:37:50', '2022-04-08 20:37:50'),
(185, 19, 185, 'Kepulauan Aru-(Kabupaten)', '2022-04-08 20:37:50', '2022-04-08 20:37:50'),
(186, 32, 186, 'Kepulauan Mentawai-(Kabupaten)', '2022-04-08 20:37:50', '2022-04-08 20:37:50'),
(187, 26, 187, 'Kepulauan Meranti-(Kabupaten)', '2022-04-08 20:37:50', '2022-04-08 20:37:50'),
(188, 31, 188, 'Kepulauan Sangihe-(Kabupaten)', '2022-04-08 20:37:50', '2022-04-08 20:37:50'),
(189, 6, 189, 'Kepulauan Seribu-(Kabupaten)', '2022-04-08 20:37:50', '2022-04-08 20:37:50'),
(190, 31, 190, 'Kepulauan Siau Tagulandang Biaro (Sitaro)-(Kabupaten)', '2022-04-08 20:37:50', '2022-04-08 20:37:50'),
(191, 20, 191, 'Kepulauan Sula-(Kabupaten)', '2022-04-08 20:37:50', '2022-04-08 20:37:50'),
(192, 31, 192, 'Kepulauan Talaud-(Kabupaten)', '2022-04-08 20:37:50', '2022-04-08 20:37:50'),
(193, 24, 193, 'Kepulauan Yapen (Yapen Waropen)-(Kabupaten)', '2022-04-08 20:37:50', '2022-04-08 20:37:50'),
(194, 8, 194, 'Kerinci-(Kabupaten)', '2022-04-08 20:37:50', '2022-04-08 20:37:50'),
(195, 12, 195, 'Ketapang-(Kabupaten)', '2022-04-08 20:37:50', '2022-04-08 20:37:50'),
(196, 10, 196, 'Klaten-(Kabupaten)', '2022-04-08 20:37:50', '2022-04-08 20:37:50'),
(197, 1, 197, 'Klungkung-(Kabupaten)', '2022-04-08 20:37:50', '2022-04-08 20:37:50'),
(198, 30, 198, 'Kolaka-(Kabupaten)', '2022-04-08 20:37:50', '2022-04-08 20:37:50'),
(199, 30, 199, 'Kolaka Utara-(Kabupaten)', '2022-04-08 20:37:50', '2022-04-08 20:37:50'),
(200, 30, 200, 'Konawe-(Kabupaten)', '2022-04-08 20:37:50', '2022-04-08 20:37:50'),
(201, 30, 201, 'Konawe Selatan-(Kabupaten)', '2022-04-08 20:37:50', '2022-04-08 20:37:50'),
(202, 30, 202, 'Konawe Utara-(Kabupaten)', '2022-04-08 20:37:50', '2022-04-08 20:37:50'),
(203, 13, 203, 'Kotabaru-(Kabupaten)', '2022-04-08 20:37:50', '2022-04-08 20:37:50'),
(204, 31, 204, 'Kotamobagu-(Kota)', '2022-04-08 20:37:50', '2022-04-08 20:37:50'),
(205, 14, 205, 'Kotawaringin Barat-(Kabupaten)', '2022-04-08 20:37:50', '2022-04-08 20:37:50'),
(206, 14, 206, 'Kotawaringin Timur-(Kabupaten)', '2022-04-08 20:37:50', '2022-04-08 20:37:50'),
(207, 26, 207, 'Kuantan Singingi-(Kabupaten)', '2022-04-08 20:37:50', '2022-04-08 20:37:50'),
(208, 12, 208, 'Kubu Raya-(Kabupaten)', '2022-04-08 20:37:50', '2022-04-08 20:37:50'),
(209, 10, 209, 'Kudus-(Kabupaten)', '2022-04-08 20:37:50', '2022-04-08 20:37:50'),
(210, 5, 210, 'Kulon Progo-(Kabupaten)', '2022-04-08 20:37:50', '2022-04-08 20:37:50'),
(211, 9, 211, 'Kuningan-(Kabupaten)', '2022-04-08 20:37:50', '2022-04-08 20:37:50'),
(212, 23, 212, 'Kupang-(Kabupaten)', '2022-04-08 20:37:50', '2022-04-08 20:37:50'),
(213, 23, 213, 'Kupang-(Kota)', '2022-04-08 20:37:50', '2022-04-08 20:37:50'),
(214, 15, 214, 'Kutai Barat-(Kabupaten)', '2022-04-08 20:37:50', '2022-04-08 20:37:50'),
(215, 15, 215, 'Kutai Kartanegara-(Kabupaten)', '2022-04-08 20:37:50', '2022-04-08 20:37:50'),
(216, 15, 216, 'Kutai Timur-(Kabupaten)', '2022-04-08 20:37:50', '2022-04-08 20:37:50'),
(217, 34, 217, 'Labuhan Batu-(Kabupaten)', '2022-04-08 20:37:50', '2022-04-08 20:37:50'),
(218, 34, 218, 'Labuhan Batu Selatan-(Kabupaten)', '2022-04-08 20:37:50', '2022-04-08 20:37:50'),
(219, 34, 219, 'Labuhan Batu Utara-(Kabupaten)', '2022-04-08 20:37:50', '2022-04-08 20:37:50'),
(220, 33, 220, 'Lahat-(Kabupaten)', '2022-04-08 20:37:50', '2022-04-08 20:37:50'),
(221, 14, 221, 'Lamandau-(Kabupaten)', '2022-04-08 20:37:50', '2022-04-08 20:37:50'),
(222, 11, 222, 'Lamongan-(Kabupaten)', '2022-04-08 20:37:50', '2022-04-08 20:37:50'),
(223, 18, 223, 'Lampung Barat-(Kabupaten)', '2022-04-08 20:37:50', '2022-04-08 20:37:50'),
(224, 18, 224, 'Lampung Selatan-(Kabupaten)', '2022-04-08 20:37:50', '2022-04-08 20:37:50'),
(225, 18, 225, 'Lampung Tengah-(Kabupaten)', '2022-04-08 20:37:50', '2022-04-08 20:37:50'),
(226, 18, 226, 'Lampung Timur-(Kabupaten)', '2022-04-08 20:37:50', '2022-04-08 20:37:50'),
(227, 18, 227, 'Lampung Utara-(Kabupaten)', '2022-04-08 20:37:50', '2022-04-08 20:37:50'),
(228, 12, 228, 'Landak-(Kabupaten)', '2022-04-08 20:37:50', '2022-04-08 20:37:50'),
(229, 34, 229, 'Langkat-(Kabupaten)', '2022-04-08 20:37:50', '2022-04-08 20:37:50'),
(230, 21, 230, 'Langsa-(Kota)', '2022-04-08 20:37:50', '2022-04-08 20:37:50'),
(231, 24, 231, 'Lanny Jaya-(Kabupaten)', '2022-04-08 20:37:50', '2022-04-08 20:37:50'),
(232, 3, 232, 'Lebak-(Kabupaten)', '2022-04-08 20:37:50', '2022-04-08 20:37:50'),
(233, 4, 233, 'Lebong-(Kabupaten)', '2022-04-08 20:37:50', '2022-04-08 20:37:50'),
(234, 23, 234, 'Lembata-(Kabupaten)', '2022-04-08 20:37:50', '2022-04-08 20:37:50'),
(235, 21, 235, 'Lhokseumawe-(Kota)', '2022-04-08 20:37:50', '2022-04-08 20:37:50'),
(236, 32, 236, 'Lima Puluh Koto/Kota-(Kabupaten)', '2022-04-08 20:37:50', '2022-04-08 20:37:50'),
(237, 17, 237, 'Lingga-(Kabupaten)', '2022-04-08 20:37:50', '2022-04-08 20:37:50'),
(238, 22, 238, 'Lombok Barat-(Kabupaten)', '2022-04-08 20:37:50', '2022-04-08 20:37:50'),
(239, 22, 239, 'Lombok Tengah-(Kabupaten)', '2022-04-08 20:37:50', '2022-04-08 20:37:50'),
(240, 22, 240, 'Lombok Timur-(Kabupaten)', '2022-04-08 20:37:50', '2022-04-08 20:37:50'),
(241, 22, 241, 'Lombok Utara-(Kabupaten)', '2022-04-08 20:37:50', '2022-04-08 20:37:50'),
(242, 33, 242, 'Lubuk Linggau-(Kota)', '2022-04-08 20:37:50', '2022-04-08 20:37:50'),
(243, 11, 243, 'Lumajang-(Kabupaten)', '2022-04-08 20:37:50', '2022-04-08 20:37:50'),
(244, 28, 244, 'Luwu-(Kabupaten)', '2022-04-08 20:37:50', '2022-04-08 20:37:50'),
(245, 28, 245, 'Luwu Timur-(Kabupaten)', '2022-04-08 20:37:50', '2022-04-08 20:37:50'),
(246, 28, 246, 'Luwu Utara-(Kabupaten)', '2022-04-08 20:37:50', '2022-04-08 20:37:50'),
(247, 11, 247, 'Madiun-(Kabupaten)', '2022-04-08 20:37:50', '2022-04-08 20:37:50'),
(248, 11, 248, 'Madiun-(Kota)', '2022-04-08 20:37:50', '2022-04-08 20:37:50'),
(249, 10, 249, 'Magelang-(Kabupaten)', '2022-04-08 20:37:50', '2022-04-08 20:37:50'),
(250, 10, 250, 'Magelang-(Kota)', '2022-04-08 20:37:50', '2022-04-08 20:37:50'),
(251, 11, 251, 'Magetan-(Kabupaten)', '2022-04-08 20:37:50', '2022-04-08 20:37:50'),
(252, 9, 252, 'Majalengka-(Kabupaten)', '2022-04-08 20:37:50', '2022-04-08 20:37:50'),
(253, 27, 253, 'Majene-(Kabupaten)', '2022-04-08 20:37:50', '2022-04-08 20:37:50'),
(254, 28, 254, 'Makassar-(Kota)', '2022-04-08 20:37:50', '2022-04-08 20:37:50'),
(255, 11, 255, 'Malang-(Kabupaten)', '2022-04-08 20:37:50', '2022-04-08 20:37:50'),
(256, 11, 256, 'Malang-(Kota)', '2022-04-08 20:37:50', '2022-04-08 20:37:50'),
(257, 16, 257, 'Malinau-(Kabupaten)', '2022-04-08 20:37:50', '2022-04-08 20:37:50'),
(258, 19, 258, 'Maluku Barat Daya-(Kabupaten)', '2022-04-08 20:37:50', '2022-04-08 20:37:50'),
(259, 19, 259, 'Maluku Tengah-(Kabupaten)', '2022-04-08 20:37:50', '2022-04-08 20:37:50'),
(260, 19, 260, 'Maluku Tenggara-(Kabupaten)', '2022-04-08 20:37:50', '2022-04-08 20:37:50'),
(261, 19, 261, 'Maluku Tenggara Barat-(Kabupaten)', '2022-04-08 20:37:50', '2022-04-08 20:37:50'),
(262, 27, 262, 'Mamasa-(Kabupaten)', '2022-04-08 20:37:50', '2022-04-08 20:37:50'),
(263, 24, 263, 'Mamberamo Raya-(Kabupaten)', '2022-04-08 20:37:50', '2022-04-08 20:37:50'),
(264, 24, 264, 'Mamberamo Tengah-(Kabupaten)', '2022-04-08 20:37:50', '2022-04-08 20:37:50'),
(265, 27, 265, 'Mamuju-(Kabupaten)', '2022-04-08 20:37:50', '2022-04-08 20:37:50'),
(266, 27, 266, 'Mamuju Utara-(Kabupaten)', '2022-04-08 20:37:50', '2022-04-08 20:37:50'),
(267, 31, 267, 'Manado-(Kota)', '2022-04-08 20:37:50', '2022-04-08 20:37:50'),
(268, 34, 268, 'Mandailing Natal-(Kabupaten)', '2022-04-08 20:37:50', '2022-04-08 20:37:50'),
(269, 23, 269, 'Manggarai-(Kabupaten)', '2022-04-08 20:37:50', '2022-04-08 20:37:50'),
(270, 23, 270, 'Manggarai Barat-(Kabupaten)', '2022-04-08 20:37:50', '2022-04-08 20:37:50'),
(271, 23, 271, 'Manggarai Timur-(Kabupaten)', '2022-04-08 20:37:50', '2022-04-08 20:37:50'),
(272, 25, 272, 'Manokwari-(Kabupaten)', '2022-04-08 20:37:50', '2022-04-08 20:37:50'),
(273, 25, 273, 'Manokwari Selatan-(Kabupaten)', '2022-04-08 20:37:50', '2022-04-08 20:37:50'),
(274, 24, 274, 'Mappi-(Kabupaten)', '2022-04-08 20:37:50', '2022-04-08 20:37:50'),
(275, 28, 275, 'Maros-(Kabupaten)', '2022-04-08 20:37:50', '2022-04-08 20:37:50'),
(276, 22, 276, 'Mataram-(Kota)', '2022-04-08 20:37:50', '2022-04-08 20:37:50'),
(277, 25, 277, 'Maybrat-(Kabupaten)', '2022-04-08 20:37:50', '2022-04-08 20:37:50'),
(278, 34, 278, 'Medan-(Kota)', '2022-04-08 20:37:50', '2022-04-08 20:37:50'),
(279, 12, 279, 'Melawi-(Kabupaten)', '2022-04-08 20:37:50', '2022-04-08 20:37:50'),
(280, 8, 280, 'Merangin-(Kabupaten)', '2022-04-08 20:37:50', '2022-04-08 20:37:50'),
(281, 24, 281, 'Merauke-(Kabupaten)', '2022-04-08 20:37:50', '2022-04-08 20:37:50'),
(282, 18, 282, 'Mesuji-(Kabupaten)', '2022-04-08 20:37:50', '2022-04-08 20:37:50'),
(283, 18, 283, 'Metro-(Kota)', '2022-04-08 20:37:50', '2022-04-08 20:37:50'),
(284, 24, 284, 'Mimika-(Kabupaten)', '2022-04-08 20:37:50', '2022-04-08 20:37:50'),
(285, 31, 285, 'Minahasa-(Kabupaten)', '2022-04-08 20:37:50', '2022-04-08 20:37:50'),
(286, 31, 286, 'Minahasa Selatan-(Kabupaten)', '2022-04-08 20:37:50', '2022-04-08 20:37:50'),
(287, 31, 287, 'Minahasa Tenggara-(Kabupaten)', '2022-04-08 20:37:50', '2022-04-08 20:37:50'),
(288, 31, 288, 'Minahasa Utara-(Kabupaten)', '2022-04-08 20:37:50', '2022-04-08 20:37:50'),
(289, 11, 289, 'Mojokerto-(Kabupaten)', '2022-04-08 20:37:50', '2022-04-08 20:37:50'),
(290, 11, 290, 'Mojokerto-(Kota)', '2022-04-08 20:37:50', '2022-04-08 20:37:50'),
(291, 29, 291, 'Morowali-(Kabupaten)', '2022-04-08 20:37:50', '2022-04-08 20:37:50'),
(292, 33, 292, 'Muara Enim-(Kabupaten)', '2022-04-08 20:37:50', '2022-04-08 20:37:50'),
(293, 8, 293, 'Muaro Jambi-(Kabupaten)', '2022-04-08 20:37:50', '2022-04-08 20:37:50'),
(294, 4, 294, 'Muko Muko-(Kabupaten)', '2022-04-08 20:37:50', '2022-04-08 20:37:50'),
(295, 30, 295, 'Muna-(Kabupaten)', '2022-04-08 20:37:50', '2022-04-08 20:37:50'),
(296, 14, 296, 'Murung Raya-(Kabupaten)', '2022-04-08 20:37:50', '2022-04-08 20:37:50'),
(297, 33, 297, 'Musi Banyuasin-(Kabupaten)', '2022-04-08 20:37:50', '2022-04-08 20:37:50'),
(298, 33, 298, 'Musi Rawas-(Kabupaten)', '2022-04-08 20:37:50', '2022-04-08 20:37:50'),
(299, 24, 299, 'Nabire-(Kabupaten)', '2022-04-08 20:37:50', '2022-04-08 20:37:50'),
(300, 21, 300, 'Nagan Raya-(Kabupaten)', '2022-04-08 20:37:50', '2022-04-08 20:37:50'),
(301, 23, 301, 'Nagekeo-(Kabupaten)', '2022-04-08 20:37:50', '2022-04-08 20:37:50'),
(302, 17, 302, 'Natuna-(Kabupaten)', '2022-04-08 20:37:50', '2022-04-08 20:37:50'),
(303, 24, 303, 'Nduga-(Kabupaten)', '2022-04-08 20:37:50', '2022-04-08 20:37:50'),
(304, 23, 304, 'Ngada-(Kabupaten)', '2022-04-08 20:37:50', '2022-04-08 20:37:50'),
(305, 11, 305, 'Nganjuk-(Kabupaten)', '2022-04-08 20:37:50', '2022-04-08 20:37:50'),
(306, 11, 306, 'Ngawi-(Kabupaten)', '2022-04-08 20:37:50', '2022-04-08 20:37:50'),
(307, 34, 307, 'Nias-(Kabupaten)', '2022-04-08 20:37:50', '2022-04-08 20:37:50'),
(308, 34, 308, 'Nias Barat-(Kabupaten)', '2022-04-08 20:37:50', '2022-04-08 20:37:50'),
(309, 34, 309, 'Nias Selatan-(Kabupaten)', '2022-04-08 20:37:50', '2022-04-08 20:37:50'),
(310, 34, 310, 'Nias Utara-(Kabupaten)', '2022-04-08 20:37:50', '2022-04-08 20:37:50'),
(311, 16, 311, 'Nunukan-(Kabupaten)', '2022-04-08 20:37:50', '2022-04-08 20:37:50'),
(312, 33, 312, 'Ogan Ilir-(Kabupaten)', '2022-04-08 20:37:50', '2022-04-08 20:37:50'),
(313, 33, 313, 'Ogan Komering Ilir-(Kabupaten)', '2022-04-08 20:37:50', '2022-04-08 20:37:50'),
(314, 33, 314, 'Ogan Komering Ulu-(Kabupaten)', '2022-04-08 20:37:50', '2022-04-08 20:37:50'),
(315, 33, 315, 'Ogan Komering Ulu Selatan-(Kabupaten)', '2022-04-08 20:37:50', '2022-04-08 20:37:50'),
(316, 33, 316, 'Ogan Komering Ulu Timur-(Kabupaten)', '2022-04-08 20:37:50', '2022-04-08 20:37:50'),
(317, 11, 317, 'Pacitan-(Kabupaten)', '2022-04-08 20:37:50', '2022-04-08 20:37:50'),
(318, 32, 318, 'Padang-(Kota)', '2022-04-08 20:37:50', '2022-04-08 20:37:50'),
(319, 34, 319, 'Padang Lawas-(Kabupaten)', '2022-04-08 20:37:50', '2022-04-08 20:37:50'),
(320, 34, 320, 'Padang Lawas Utara-(Kabupaten)', '2022-04-08 20:37:50', '2022-04-08 20:37:50'),
(321, 32, 321, 'Padang Panjang-(Kota)', '2022-04-08 20:37:50', '2022-04-08 20:37:50'),
(322, 32, 322, 'Padang Pariaman-(Kabupaten)', '2022-04-08 20:37:50', '2022-04-08 20:37:50'),
(323, 34, 323, 'Padang Sidempuan-(Kota)', '2022-04-08 20:37:50', '2022-04-08 20:37:50'),
(324, 33, 324, 'Pagar Alam-(Kota)', '2022-04-08 20:37:50', '2022-04-08 20:37:50'),
(325, 34, 325, 'Pakpak Bharat-(Kabupaten)', '2022-04-08 20:37:50', '2022-04-08 20:37:50'),
(326, 14, 326, 'Palangka Raya-(Kota)', '2022-04-08 20:37:50', '2022-04-08 20:37:50'),
(327, 33, 327, 'Palembang-(Kota)', '2022-04-08 20:37:50', '2022-04-08 20:37:50'),
(328, 28, 328, 'Palopo-(Kota)', '2022-04-08 20:37:50', '2022-04-08 20:37:50'),
(329, 29, 329, 'Palu-(Kota)', '2022-04-08 20:37:50', '2022-04-08 20:37:50'),
(330, 11, 330, 'Pamekasan-(Kabupaten)', '2022-04-08 20:37:50', '2022-04-08 20:37:50'),
(331, 3, 331, 'Pandeglang-(Kabupaten)', '2022-04-08 20:37:50', '2022-04-08 20:37:50'),
(332, 9, 332, 'Pangandaran-(Kabupaten)', '2022-04-08 20:37:50', '2022-04-08 20:37:50'),
(333, 28, 333, 'Pangkajene Kepulauan-(Kabupaten)', '2022-04-08 20:37:50', '2022-04-08 20:37:50'),
(334, 2, 334, 'Pangkal Pinang-(Kota)', '2022-04-08 20:37:50', '2022-04-08 20:37:50'),
(335, 24, 335, 'Paniai-(Kabupaten)', '2022-04-08 20:37:50', '2022-04-08 20:37:50'),
(336, 28, 336, 'Parepare-(Kota)', '2022-04-08 20:37:50', '2022-04-08 20:37:50'),
(337, 32, 337, 'Pariaman-(Kota)', '2022-04-08 20:37:50', '2022-04-08 20:37:50'),
(338, 29, 338, 'Parigi Moutong-(Kabupaten)', '2022-04-08 20:37:50', '2022-04-08 20:37:50'),
(339, 32, 339, 'Pasaman-(Kabupaten)', '2022-04-08 20:37:50', '2022-04-08 20:37:50'),
(340, 32, 340, 'Pasaman Barat-(Kabupaten)', '2022-04-08 20:37:50', '2022-04-08 20:37:50'),
(341, 15, 341, 'Paser-(Kabupaten)', '2022-04-08 20:37:50', '2022-04-08 20:37:50'),
(342, 11, 342, 'Pasuruan-(Kabupaten)', '2022-04-08 20:37:50', '2022-04-08 20:37:50'),
(343, 11, 343, 'Pasuruan-(Kota)', '2022-04-08 20:37:50', '2022-04-08 20:37:50'),
(344, 10, 344, 'Pati-(Kabupaten)', '2022-04-08 20:37:50', '2022-04-08 20:37:50'),
(345, 32, 345, 'Payakumbuh-(Kota)', '2022-04-08 20:37:50', '2022-04-08 20:37:50'),
(346, 25, 346, 'Pegunungan Arfak-(Kabupaten)', '2022-04-08 20:37:50', '2022-04-08 20:37:50'),
(347, 24, 347, 'Pegunungan Bintang-(Kabupaten)', '2022-04-08 20:37:50', '2022-04-08 20:37:50'),
(348, 10, 348, 'Pekalongan-(Kabupaten)', '2022-04-08 20:37:50', '2022-04-08 20:37:50'),
(349, 10, 349, 'Pekalongan-(Kota)', '2022-04-08 20:37:50', '2022-04-08 20:37:50'),
(350, 26, 350, 'Pekanbaru-(Kota)', '2022-04-08 20:37:50', '2022-04-08 20:37:50'),
(351, 26, 351, 'Pelalawan-(Kabupaten)', '2022-04-08 20:37:50', '2022-04-08 20:37:50'),
(352, 10, 352, 'Pemalang-(Kabupaten)', '2022-04-08 20:37:50', '2022-04-08 20:37:50'),
(353, 34, 353, 'Pematang Siantar-(Kota)', '2022-04-08 20:37:50', '2022-04-08 20:37:50'),
(354, 15, 354, 'Penajam Paser Utara-(Kabupaten)', '2022-04-08 20:37:50', '2022-04-08 20:37:50'),
(355, 18, 355, 'Pesawaran-(Kabupaten)', '2022-04-08 20:37:50', '2022-04-08 20:37:50'),
(356, 18, 356, 'Pesisir Barat-(Kabupaten)', '2022-04-08 20:37:50', '2022-04-08 20:37:50'),
(357, 32, 357, 'Pesisir Selatan-(Kabupaten)', '2022-04-08 20:37:50', '2022-04-08 20:37:50'),
(358, 21, 358, 'Pidie-(Kabupaten)', '2022-04-08 20:37:50', '2022-04-08 20:37:50'),
(359, 21, 359, 'Pidie Jaya-(Kabupaten)', '2022-04-08 20:37:50', '2022-04-08 20:37:50'),
(360, 28, 360, 'Pinrang-(Kabupaten)', '2022-04-08 20:37:50', '2022-04-08 20:37:50'),
(361, 7, 361, 'Pohuwato-(Kabupaten)', '2022-04-08 20:37:50', '2022-04-08 20:37:50'),
(362, 27, 362, 'Polewali Mandar-(Kabupaten)', '2022-04-08 20:37:50', '2022-04-08 20:37:50'),
(363, 11, 363, 'Ponorogo-(Kabupaten)', '2022-04-08 20:37:50', '2022-04-08 20:37:50'),
(364, 12, 364, 'Pontianak-(Kabupaten)', '2022-04-08 20:37:50', '2022-04-08 20:37:50'),
(365, 12, 365, 'Pontianak-(Kota)', '2022-04-08 20:37:50', '2022-04-08 20:37:50'),
(366, 29, 366, 'Poso-(Kabupaten)', '2022-04-08 20:37:50', '2022-04-08 20:37:50'),
(367, 33, 367, 'Prabumulih-(Kota)', '2022-04-08 20:37:50', '2022-04-08 20:37:50'),
(368, 18, 368, 'Pringsewu-(Kabupaten)', '2022-04-08 20:37:50', '2022-04-08 20:37:50'),
(369, 11, 369, 'Probolinggo-(Kabupaten)', '2022-04-08 20:37:50', '2022-04-08 20:37:50'),
(370, 11, 370, 'Probolinggo-(Kota)', '2022-04-08 20:37:50', '2022-04-08 20:37:50'),
(371, 14, 371, 'Pulang Pisau-(Kabupaten)', '2022-04-08 20:37:50', '2022-04-08 20:37:50'),
(372, 20, 372, 'Pulau Morotai-(Kabupaten)', '2022-04-08 20:37:50', '2022-04-08 20:37:50'),
(373, 24, 373, 'Puncak-(Kabupaten)', '2022-04-08 20:37:50', '2022-04-08 20:37:50'),
(374, 24, 374, 'Puncak Jaya-(Kabupaten)', '2022-04-08 20:37:50', '2022-04-08 20:37:50'),
(375, 10, 375, 'Purbalingga-(Kabupaten)', '2022-04-08 20:37:50', '2022-04-08 20:37:50'),
(376, 9, 376, 'Purwakarta-(Kabupaten)', '2022-04-08 20:37:50', '2022-04-08 20:37:50'),
(377, 10, 377, 'Purworejo-(Kabupaten)', '2022-04-08 20:37:50', '2022-04-08 20:37:50'),
(378, 25, 378, 'Raja Ampat-(Kabupaten)', '2022-04-08 20:37:50', '2022-04-08 20:37:50'),
(379, 4, 379, 'Rejang Lebong-(Kabupaten)', '2022-04-08 20:37:50', '2022-04-08 20:37:50'),
(380, 10, 380, 'Rembang-(Kabupaten)', '2022-04-08 20:37:50', '2022-04-08 20:37:50'),
(381, 26, 381, 'Rokan Hilir-(Kabupaten)', '2022-04-08 20:37:50', '2022-04-08 20:37:50'),
(382, 26, 382, 'Rokan Hulu-(Kabupaten)', '2022-04-08 20:37:50', '2022-04-08 20:37:50'),
(383, 23, 383, 'Rote Ndao-(Kabupaten)', '2022-04-08 20:37:51', '2022-04-08 20:37:51'),
(384, 21, 384, 'Sabang-(Kota)', '2022-04-08 20:37:51', '2022-04-08 20:37:51'),
(385, 23, 385, 'Sabu Raijua-(Kabupaten)', '2022-04-08 20:37:51', '2022-04-08 20:37:51'),
(386, 10, 386, 'Salatiga-(Kota)', '2022-04-08 20:37:51', '2022-04-08 20:37:51'),
(387, 15, 387, 'Samarinda-(Kota)', '2022-04-08 20:37:51', '2022-04-08 20:37:51'),
(388, 12, 388, 'Sambas-(Kabupaten)', '2022-04-08 20:37:51', '2022-04-08 20:37:51'),
(389, 34, 389, 'Samosir-(Kabupaten)', '2022-04-08 20:37:51', '2022-04-08 20:37:51'),
(390, 11, 390, 'Sampang-(Kabupaten)', '2022-04-08 20:37:51', '2022-04-08 20:37:51'),
(391, 12, 391, 'Sanggau-(Kabupaten)', '2022-04-08 20:37:51', '2022-04-08 20:37:51'),
(392, 24, 392, 'Sarmi-(Kabupaten)', '2022-04-08 20:37:51', '2022-04-08 20:37:51'),
(393, 8, 393, 'Sarolangun-(Kabupaten)', '2022-04-08 20:37:51', '2022-04-08 20:37:51'),
(394, 32, 394, 'Sawah Lunto-(Kota)', '2022-04-08 20:37:51', '2022-04-08 20:37:51'),
(395, 12, 395, 'Sekadau-(Kabupaten)', '2022-04-08 20:37:51', '2022-04-08 20:37:51'),
(396, 28, 396, 'Selayar (Kepulauan Selayar)-(Kabupaten)', '2022-04-08 20:37:51', '2022-04-08 20:37:51'),
(397, 4, 397, 'Seluma-(Kabupaten)', '2022-04-08 20:37:51', '2022-04-08 20:37:51'),
(398, 10, 398, 'Semarang-(Kabupaten)', '2022-04-08 20:37:51', '2022-04-08 20:37:51'),
(399, 10, 399, 'Semarang-(Kota)', '2022-04-08 20:37:51', '2022-04-08 20:37:51'),
(400, 19, 400, 'Seram Bagian Barat-(Kabupaten)', '2022-04-08 20:37:51', '2022-04-08 20:37:51'),
(401, 19, 401, 'Seram Bagian Timur-(Kabupaten)', '2022-04-08 20:37:51', '2022-04-08 20:37:51'),
(402, 3, 402, 'Serang-(Kabupaten)', '2022-04-08 20:37:51', '2022-04-08 20:37:51'),
(403, 3, 403, 'Serang-(Kota)', '2022-04-08 20:37:51', '2022-04-08 20:37:51'),
(404, 34, 404, 'Serdang Bedagai-(Kabupaten)', '2022-04-08 20:37:51', '2022-04-08 20:37:51'),
(405, 14, 405, 'Seruyan-(Kabupaten)', '2022-04-08 20:37:51', '2022-04-08 20:37:51'),
(406, 26, 406, 'Siak-(Kabupaten)', '2022-04-08 20:37:51', '2022-04-08 20:37:51'),
(407, 34, 407, 'Sibolga-(Kota)', '2022-04-08 20:37:51', '2022-04-08 20:37:51'),
(408, 28, 408, 'Sidenreng Rappang/Rapang-(Kabupaten)', '2022-04-08 20:37:51', '2022-04-08 20:37:51'),
(409, 11, 409, 'Sidoarjo-(Kabupaten)', '2022-04-08 20:37:51', '2022-04-08 20:37:51'),
(410, 29, 410, 'Sigi-(Kabupaten)', '2022-04-08 20:37:51', '2022-04-08 20:37:51'),
(411, 32, 411, 'Sijunjung (Sawah Lunto Sijunjung)-(Kabupaten)', '2022-04-08 20:37:51', '2022-04-08 20:37:51'),
(412, 23, 412, 'Sikka-(Kabupaten)', '2022-04-08 20:37:51', '2022-04-08 20:37:51'),
(413, 34, 413, 'Simalungun-(Kabupaten)', '2022-04-08 20:37:51', '2022-04-08 20:37:51'),
(414, 21, 414, 'Simeulue-(Kabupaten)', '2022-04-08 20:37:51', '2022-04-08 20:37:51'),
(415, 12, 415, 'Singkawang-(Kota)', '2022-04-08 20:37:51', '2022-04-08 20:37:51'),
(416, 28, 416, 'Sinjai-(Kabupaten)', '2022-04-08 20:37:51', '2022-04-08 20:37:51'),
(417, 12, 417, 'Sintang-(Kabupaten)', '2022-04-08 20:37:51', '2022-04-08 20:37:51'),
(418, 11, 418, 'Situbondo-(Kabupaten)', '2022-04-08 20:37:51', '2022-04-08 20:37:51'),
(419, 5, 419, 'Sleman-(Kabupaten)', '2022-04-08 20:37:51', '2022-04-08 20:37:51'),
(420, 32, 420, 'Solok-(Kabupaten)', '2022-04-08 20:37:51', '2022-04-08 20:37:51'),
(421, 32, 421, 'Solok-(Kota)', '2022-04-08 20:37:51', '2022-04-08 20:37:51'),
(422, 32, 422, 'Solok Selatan-(Kabupaten)', '2022-04-08 20:37:51', '2022-04-08 20:37:51'),
(423, 28, 423, 'Soppeng-(Kabupaten)', '2022-04-08 20:37:51', '2022-04-08 20:37:51'),
(424, 25, 424, 'Sorong-(Kabupaten)', '2022-04-08 20:37:51', '2022-04-08 20:37:51'),
(425, 25, 425, 'Sorong-(Kota)', '2022-04-08 20:37:51', '2022-04-08 20:37:51'),
(426, 25, 426, 'Sorong Selatan-(Kabupaten)', '2022-04-08 20:37:51', '2022-04-08 20:37:51'),
(427, 10, 427, 'Sragen-(Kabupaten)', '2022-04-08 20:37:51', '2022-04-08 20:37:51'),
(428, 9, 428, 'Subang-(Kabupaten)', '2022-04-08 20:37:51', '2022-04-08 20:37:51'),
(429, 21, 429, 'Subulussalam-(Kota)', '2022-04-08 20:37:51', '2022-04-08 20:37:51'),
(430, 9, 430, 'Sukabumi-(Kabupaten)', '2022-04-08 20:37:51', '2022-04-08 20:37:51'),
(431, 9, 431, 'Sukabumi-(Kota)', '2022-04-08 20:37:51', '2022-04-08 20:37:51'),
(432, 14, 432, 'Sukamara-(Kabupaten)', '2022-04-08 20:37:51', '2022-04-08 20:37:51'),
(433, 10, 433, 'Sukoharjo-(Kabupaten)', '2022-04-08 20:37:51', '2022-04-08 20:37:51'),
(434, 23, 434, 'Sumba Barat-(Kabupaten)', '2022-04-08 20:37:51', '2022-04-08 20:37:51'),
(435, 23, 435, 'Sumba Barat Daya-(Kabupaten)', '2022-04-08 20:37:51', '2022-04-08 20:37:51'),
(436, 23, 436, 'Sumba Tengah-(Kabupaten)', '2022-04-08 20:37:51', '2022-04-08 20:37:51'),
(437, 23, 437, 'Sumba Timur-(Kabupaten)', '2022-04-08 20:37:51', '2022-04-08 20:37:51'),
(438, 22, 438, 'Sumbawa-(Kabupaten)', '2022-04-08 20:37:51', '2022-04-08 20:37:51'),
(439, 22, 439, 'Sumbawa Barat-(Kabupaten)', '2022-04-08 20:37:51', '2022-04-08 20:37:51'),
(440, 9, 440, 'Sumedang-(Kabupaten)', '2022-04-08 20:37:51', '2022-04-08 20:37:51'),
(441, 11, 441, 'Sumenep-(Kabupaten)', '2022-04-08 20:37:51', '2022-04-08 20:37:51'),
(442, 8, 442, 'Sungaipenuh-(Kota)', '2022-04-08 20:37:51', '2022-04-08 20:37:51'),
(443, 24, 443, 'Supiori-(Kabupaten)', '2022-04-08 20:37:51', '2022-04-08 20:37:51'),
(444, 11, 444, 'Surabaya-(Kota)', '2022-04-08 20:37:51', '2022-04-08 20:37:51'),
(445, 10, 445, 'Surakarta (Solo)-(Kota)', '2022-04-08 20:37:51', '2022-04-08 20:37:51'),
(446, 13, 446, 'Tabalong-(Kabupaten)', '2022-04-08 20:37:51', '2022-04-08 20:37:51'),
(447, 1, 447, 'Tabanan-(Kabupaten)', '2022-04-08 20:37:51', '2022-04-08 20:37:51'),
(448, 28, 448, 'Takalar-(Kabupaten)', '2022-04-08 20:37:51', '2022-04-08 20:37:51'),
(449, 25, 449, 'Tambrauw-(Kabupaten)', '2022-04-08 20:37:51', '2022-04-08 20:37:51'),
(450, 16, 450, 'Tana Tidung-(Kabupaten)', '2022-04-08 20:37:51', '2022-04-08 20:37:51'),
(451, 28, 451, 'Tana Toraja-(Kabupaten)', '2022-04-08 20:37:51', '2022-04-08 20:37:51'),
(452, 13, 452, 'Tanah Bumbu-(Kabupaten)', '2022-04-08 20:37:51', '2022-04-08 20:37:51'),
(453, 32, 453, 'Tanah Datar-(Kabupaten)', '2022-04-08 20:37:51', '2022-04-08 20:37:51'),
(454, 13, 454, 'Tanah Laut-(Kabupaten)', '2022-04-08 20:37:51', '2022-04-08 20:37:51'),
(455, 3, 455, 'Tangerang-(Kabupaten)', '2022-04-08 20:37:51', '2022-04-08 20:37:51'),
(456, 3, 456, 'Tangerang-(Kota)', '2022-04-08 20:37:51', '2022-04-08 20:37:51'),
(457, 3, 457, 'Tangerang Selatan-(Kota)', '2022-04-08 20:37:51', '2022-04-08 20:37:51'),
(458, 18, 458, 'Tanggamus-(Kabupaten)', '2022-04-08 20:37:51', '2022-04-08 20:37:51'),
(459, 34, 459, 'Tanjung Balai-(Kota)', '2022-04-08 20:37:51', '2022-04-08 20:37:51'),
(460, 8, 460, 'Tanjung Jabung Barat-(Kabupaten)', '2022-04-08 20:37:51', '2022-04-08 20:37:51'),
(461, 8, 461, 'Tanjung Jabung Timur-(Kabupaten)', '2022-04-08 20:37:51', '2022-04-08 20:37:51'),
(462, 17, 462, 'Tanjung Pinang-(Kota)', '2022-04-08 20:37:51', '2022-04-08 20:37:51'),
(463, 34, 463, 'Tapanuli Selatan-(Kabupaten)', '2022-04-08 20:37:51', '2022-04-08 20:37:51'),
(464, 34, 464, 'Tapanuli Tengah-(Kabupaten)', '2022-04-08 20:37:51', '2022-04-08 20:37:51'),
(465, 34, 465, 'Tapanuli Utara-(Kabupaten)', '2022-04-08 20:37:51', '2022-04-08 20:37:51'),
(466, 13, 466, 'Tapin-(Kabupaten)', '2022-04-08 20:37:51', '2022-04-08 20:37:51'),
(467, 16, 467, 'Tarakan-(Kota)', '2022-04-08 20:37:51', '2022-04-08 20:37:51'),
(468, 9, 468, 'Tasikmalaya-(Kabupaten)', '2022-04-08 20:37:51', '2022-04-08 20:37:51'),
(469, 9, 469, 'Tasikmalaya-(Kota)', '2022-04-08 20:37:51', '2022-04-08 20:37:51'),
(470, 34, 470, 'Tebing Tinggi-(Kota)', '2022-04-08 20:37:51', '2022-04-08 20:37:51'),
(471, 8, 471, 'Tebo-(Kabupaten)', '2022-04-08 20:37:51', '2022-04-08 20:37:51'),
(472, 10, 472, 'Tegal-(Kabupaten)', '2022-04-08 20:37:51', '2022-04-08 20:37:51'),
(473, 10, 473, 'Tegal-(Kota)', '2022-04-08 20:37:51', '2022-04-08 20:37:51'),
(474, 25, 474, 'Teluk Bintuni-(Kabupaten)', '2022-04-08 20:37:51', '2022-04-08 20:37:51'),
(475, 25, 475, 'Teluk Wondama-(Kabupaten)', '2022-04-08 20:37:51', '2022-04-08 20:37:51'),
(476, 10, 476, 'Temanggung-(Kabupaten)', '2022-04-08 20:37:51', '2022-04-08 20:37:51'),
(477, 20, 477, 'Ternate-(Kota)', '2022-04-08 20:37:51', '2022-04-08 20:37:51'),
(478, 20, 478, 'Tidore Kepulauan-(Kota)', '2022-04-08 20:37:51', '2022-04-08 20:37:51'),
(479, 23, 479, 'Timor Tengah Selatan-(Kabupaten)', '2022-04-08 20:37:51', '2022-04-08 20:37:51'),
(480, 23, 480, 'Timor Tengah Utara-(Kabupaten)', '2022-04-08 20:37:51', '2022-04-08 20:37:51'),
(481, 34, 481, 'Toba Samosir-(Kabupaten)', '2022-04-08 20:37:51', '2022-04-08 20:37:51'),
(482, 29, 482, 'Tojo Una-Una-(Kabupaten)', '2022-04-08 20:37:51', '2022-04-08 20:37:51'),
(483, 29, 483, 'Toli-Toli-(Kabupaten)', '2022-04-08 20:37:51', '2022-04-08 20:37:51'),
(484, 24, 484, 'Tolikara-(Kabupaten)', '2022-04-08 20:37:51', '2022-04-08 20:37:51'),
(485, 31, 485, 'Tomohon-(Kota)', '2022-04-08 20:37:51', '2022-04-08 20:37:51'),
(486, 28, 486, 'Toraja Utara-(Kabupaten)', '2022-04-08 20:37:51', '2022-04-08 20:37:51'),
(487, 11, 487, 'Trenggalek-(Kabupaten)', '2022-04-08 20:37:51', '2022-04-08 20:37:51'),
(488, 19, 488, 'Tual-(Kota)', '2022-04-08 20:37:51', '2022-04-08 20:37:51'),
(489, 11, 489, 'Tuban-(Kabupaten)', '2022-04-08 20:37:51', '2022-04-08 20:37:51'),
(490, 18, 490, 'Tulang Bawang-(Kabupaten)', '2022-04-08 20:37:51', '2022-04-08 20:37:51'),
(491, 18, 491, 'Tulang Bawang Barat-(Kabupaten)', '2022-04-08 20:37:51', '2022-04-08 20:37:51'),
(492, 11, 492, 'Tulungagung-(Kabupaten)', '2022-04-08 20:37:51', '2022-04-08 20:37:51'),
(493, 28, 493, 'Wajo-(Kabupaten)', '2022-04-08 20:37:51', '2022-04-08 20:37:51'),
(494, 30, 494, 'Wakatobi-(Kabupaten)', '2022-04-08 20:37:51', '2022-04-08 20:37:51'),
(495, 24, 495, 'Waropen-(Kabupaten)', '2022-04-08 20:37:51', '2022-04-08 20:37:51'),
(496, 18, 496, 'Way Kanan-(Kabupaten)', '2022-04-08 20:37:51', '2022-04-08 20:37:51'),
(497, 10, 497, 'Wonogiri-(Kabupaten)', '2022-04-08 20:37:51', '2022-04-08 20:37:51'),
(498, 10, 498, 'Wonosobo-(Kabupaten)', '2022-04-08 20:37:51', '2022-04-08 20:37:51'),
(499, 24, 499, 'Yahukimo-(Kabupaten)', '2022-04-08 20:37:51', '2022-04-08 20:37:51'),
(500, 24, 500, 'Yalimo-(Kabupaten)', '2022-04-08 20:37:51', '2022-04-08 20:37:51'),
(501, 5, 501, 'Yogyakarta-(Kota)', '2022-04-08 20:37:51', '2022-04-08 20:37:51');

-- --------------------------------------------------------

--
-- Table structure for table `customers`
--

CREATE TABLE `customers` (
  `id` bigint(20) UNSIGNED NOT NULL,
  `name` varchar(255) COLLATE utf8mb4_unicode_ci NOT NULL,
  `email` varchar(255) COLLATE utf8mb4_unicode_ci NOT NULL,
  `email_verified_at` timestamp NULL DEFAULT NULL,
  `password` varchar(255) COLLATE utf8mb4_unicode_ci NOT NULL,
  `remember_token` varchar(100) COLLATE utf8mb4_unicode_ci DEFAULT NULL,
  `created_at` timestamp NULL DEFAULT NULL,
  `updated_at` timestamp NULL DEFAULT NULL
) ENGINE=InnoDB DEFAULT CHARSET=utf8mb4 COLLATE=utf8mb4_unicode_ci;

--
-- Dumping data for table `customers`
--

INSERT INTO `customers` (`id`, `name`, `email`, `email_verified_at`, `password`, `remember_token`, `created_at`, `updated_at`) VALUES
(1, 'cus', 'cus@gmail.com', NULL, '$2y$10$jNKu0YVqLHFqxZvEHXBHJOSLR8y8LPzpK1Pxejv1jjNNb4kMfpTtq', NULL, '2022-04-10 08:27:18', '2022-04-10 08:27:18');

-- --------------------------------------------------------

--
-- Table structure for table `failed_jobs`
--

CREATE TABLE `failed_jobs` (
  `id` bigint(20) UNSIGNED NOT NULL,
  `uuid` varchar(255) COLLATE utf8mb4_unicode_ci NOT NULL,
  `connection` text COLLATE utf8mb4_unicode_ci NOT NULL,
  `queue` text COLLATE utf8mb4_unicode_ci NOT NULL,
  `payload` longtext COLLATE utf8mb4_unicode_ci NOT NULL,
  `exception` longtext COLLATE utf8mb4_unicode_ci NOT NULL,
  `failed_at` timestamp NOT NULL DEFAULT current_timestamp()
) ENGINE=InnoDB DEFAULT CHARSET=utf8mb4 COLLATE=utf8mb4_unicode_ci;

-- --------------------------------------------------------

--
-- Table structure for table `invoices`
--

CREATE TABLE `invoices` (
  `id` bigint(20) UNSIGNED NOT NULL,
  `invoice` varchar(255) COLLATE utf8mb4_unicode_ci NOT NULL,
  `customer_id` bigint(20) UNSIGNED NOT NULL,
  `courier_cost` bigint(20) NOT NULL,
  `weight` int(11) DEFAULT NULL,
  `name` varchar(255) COLLATE utf8mb4_unicode_ci NOT NULL,
  `phone` varchar(255) COLLATE utf8mb4_unicode_ci NOT NULL,
  `city_id` bigint(20) UNSIGNED NOT NULL,
  `province_id` bigint(20) UNSIGNED NOT NULL,
  `address` text COLLATE utf8mb4_unicode_ci NOT NULL,
  `note` text COLLATE utf8mb4_unicode_ci NOT NULL,
  `status` enum('pending','success','expered','failed') COLLATE utf8mb4_unicode_ci NOT NULL,
  `grand_total` bigint(20) NOT NULL,
  `snap_token` varchar(255) COLLATE utf8mb4_unicode_ci DEFAULT NULL,
  `created_at` timestamp NULL DEFAULT NULL,
  `updated_at` timestamp NULL DEFAULT NULL
) ENGINE=InnoDB DEFAULT CHARSET=utf8mb4 COLLATE=utf8mb4_unicode_ci;

-- --------------------------------------------------------

--
-- Table structure for table `migrations`
--

CREATE TABLE `migrations` (
  `id` int(10) UNSIGNED NOT NULL,
  `migration` varchar(255) COLLATE utf8mb4_unicode_ci NOT NULL,
  `batch` int(11) NOT NULL
) ENGINE=InnoDB DEFAULT CHARSET=utf8mb4 COLLATE=utf8mb4_unicode_ci;

--
-- Dumping data for table `migrations`
--

INSERT INTO `migrations` (`id`, `migration`, `batch`) VALUES
(1, '2014_10_12_000000_create_users_table', 1),
(2, '2014_10_12_100000_create_password_resets_table', 1),
(3, '2019_08_19_000000_create_failed_jobs_table', 1),
(4, '2019_12_14_000001_create_personal_access_tokens_table', 1),
(5, '2022_04_07_092543_create_customers_table', 2),
(6, '2022_04_07_092606_create_categories_table', 2),
(7, '2022_04_07_092619_create_products_table', 2),
(8, '2022_04_07_092627_create_carts_table', 2),
(9, '2022_04_07_092653_create_provinces_table', 2),
(10, '2022_04_07_092710_create_cities_table', 2),
(11, '2022_04_07_092723_create_invoices_table', 2),
(12, '2022_04_07_092736_create_orders_table', 2),
(13, '2022_04_07_092754_create_reviews_table', 2),
(14, '2022_04_07_092805_create_sliders_table', 2);

-- --------------------------------------------------------

--
-- Table structure for table `orders`
--

CREATE TABLE `orders` (
  `id` bigint(20) UNSIGNED NOT NULL,
  `invoice_id` bigint(20) UNSIGNED NOT NULL,
  `product_id` bigint(20) UNSIGNED NOT NULL,
  `price` bigint(20) NOT NULL,
  `created_at` timestamp NULL DEFAULT NULL,
  `updated_at` timestamp NULL DEFAULT NULL
) ENGINE=InnoDB DEFAULT CHARSET=utf8mb4 COLLATE=utf8mb4_unicode_ci;

-- --------------------------------------------------------

--
-- Table structure for table `password_resets`
--

CREATE TABLE `password_resets` (
  `email` varchar(255) COLLATE utf8mb4_unicode_ci NOT NULL,
  `token` varchar(255) COLLATE utf8mb4_unicode_ci NOT NULL,
  `created_at` timestamp NULL DEFAULT NULL
) ENGINE=InnoDB DEFAULT CHARSET=utf8mb4 COLLATE=utf8mb4_unicode_ci;

-- --------------------------------------------------------

--
-- Table structure for table `personal_access_tokens`
--

CREATE TABLE `personal_access_tokens` (
  `id` bigint(20) UNSIGNED NOT NULL,
  `tokenable_type` varchar(255) COLLATE utf8mb4_unicode_ci NOT NULL,
  `tokenable_id` bigint(20) UNSIGNED NOT NULL,
  `name` varchar(255) COLLATE utf8mb4_unicode_ci NOT NULL,
  `token` varchar(64) COLLATE utf8mb4_unicode_ci NOT NULL,
  `abilities` text COLLATE utf8mb4_unicode_ci DEFAULT NULL,
  `last_used_at` timestamp NULL DEFAULT NULL,
  `created_at` timestamp NULL DEFAULT NULL,
  `updated_at` timestamp NULL DEFAULT NULL
) ENGINE=InnoDB DEFAULT CHARSET=utf8mb4 COLLATE=utf8mb4_unicode_ci;

-- --------------------------------------------------------

--
-- Table structure for table `products`
--

CREATE TABLE `products` (
  `id` bigint(20) UNSIGNED NOT NULL,
  `image` varchar(255) COLLATE utf8mb4_unicode_ci NOT NULL,
  `title` varchar(255) COLLATE utf8mb4_unicode_ci NOT NULL,
  `slug` varchar(255) COLLATE utf8mb4_unicode_ci NOT NULL,
  `category_id` bigint(20) UNSIGNED NOT NULL,
  `user_id` bigint(20) UNSIGNED NOT NULL,
  `description` text COLLATE utf8mb4_unicode_ci NOT NULL,
  `weight` int(11) NOT NULL,
  `price` bigint(20) NOT NULL,
  `created_at` timestamp NULL DEFAULT NULL,
  `updated_at` timestamp NULL DEFAULT NULL
) ENGINE=InnoDB DEFAULT CHARSET=utf8mb4 COLLATE=utf8mb4_unicode_ci;

--
-- Dumping data for table `products`
--

INSERT INTO `products` (`id`, `image`, `title`, `slug`, `category_id`, `user_id`, `description`, `weight`, `price`, `created_at`, `updated_at`) VALUES
(1, 'mBTddr8cDI51VKAg8rxdxhuWUjr7pMLzt5RthKMD.png', 'kakaka', 'kakaka', 1, 1, '<p>dsdsdsds</p>', 3, 200000, '2022-04-10 07:56:45', '2022-04-13 06:41:07'),
(2, 'g333udroKY02GKe0hZ8daqCRFssMCRXRnz6LkOIK.png', 'Ut fuga Quos velit', 'ut-fuga-quos-velit', 1, 1, '<p>jkjkjkjkk</p>', 50, 500000, '2022-04-13 07:54:44', '2022-04-13 07:54:44'),
(3, 'xItXgh1CBNkLgdFKMfrA12N7BwUF1YhSwjljNJhV.png', 'Animi quasi nihil p', 'animi-quasi-nihil-p', 1, 1, '<p>sssssssssssssssssssssssssssssssssssssssssssssssssssssssssssssss</p>', 1000, 2000000, '2022-04-13 23:49:14', '2022-04-13 23:49:14');

-- --------------------------------------------------------

--
-- Table structure for table `provinces`
--

CREATE TABLE `provinces` (
  `id` bigint(20) UNSIGNED NOT NULL,
  `province_id` int(11) NOT NULL,
  `name` varchar(255) COLLATE utf8mb4_unicode_ci NOT NULL,
  `created_at` timestamp NULL DEFAULT NULL,
  `updated_at` timestamp NULL DEFAULT NULL
) ENGINE=InnoDB DEFAULT CHARSET=utf8mb4 COLLATE=utf8mb4_unicode_ci;

--
-- Dumping data for table `provinces`
--

INSERT INTO `provinces` (`id`, `province_id`, `name`, `created_at`, `updated_at`) VALUES
(1, 1, 'Bali', '2022-04-08 20:10:20', '2022-04-08 20:10:20'),
(2, 2, 'Bangka Belitung', '2022-04-08 20:10:20', '2022-04-08 20:10:20'),
(3, 3, 'Banten', '2022-04-08 20:10:20', '2022-04-08 20:10:20'),
(4, 4, 'Bengkulu', '2022-04-08 20:10:20', '2022-04-08 20:10:20'),
(5, 5, 'DI Yogyakarta', '2022-04-08 20:10:20', '2022-04-08 20:10:20'),
(6, 6, 'DKI Jakarta', '2022-04-08 20:10:20', '2022-04-08 20:10:20'),
(7, 7, 'Gorontalo', '2022-04-08 20:10:20', '2022-04-08 20:10:20'),
(8, 8, 'Jambi', '2022-04-08 20:10:20', '2022-04-08 20:10:20'),
(9, 9, 'Jawa Barat', '2022-04-08 20:10:20', '2022-04-08 20:10:20'),
(10, 10, 'Jawa Tengah', '2022-04-08 20:10:20', '2022-04-08 20:10:20'),
(11, 11, 'Jawa Timur', '2022-04-08 20:10:20', '2022-04-08 20:10:20'),
(12, 12, 'Kalimantan Barat', '2022-04-08 20:10:20', '2022-04-08 20:10:20'),
(13, 13, 'Kalimantan Selatan', '2022-04-08 20:10:20', '2022-04-08 20:10:20'),
(14, 14, 'Kalimantan Tengah', '2022-04-08 20:10:20', '2022-04-08 20:10:20'),
(15, 15, 'Kalimantan Timur', '2022-04-08 20:10:20', '2022-04-08 20:10:20'),
(16, 16, 'Kalimantan Utara', '2022-04-08 20:10:20', '2022-04-08 20:10:20'),
(17, 17, 'Kepulauan Riau', '2022-04-08 20:10:20', '2022-04-08 20:10:20'),
(18, 18, 'Lampung', '2022-04-08 20:10:20', '2022-04-08 20:10:20'),
(19, 19, 'Maluku', '2022-04-08 20:10:20', '2022-04-08 20:10:20'),
(20, 20, 'Maluku Utara', '2022-04-08 20:10:20', '2022-04-08 20:10:20'),
(21, 21, 'Nanggroe Aceh Darussalam (NAD)', '2022-04-08 20:10:20', '2022-04-08 20:10:20'),
(22, 22, 'Nusa Tenggara Barat (NTB)', '2022-04-08 20:10:20', '2022-04-08 20:10:20'),
(23, 23, 'Nusa Tenggara Timur (NTT)', '2022-04-08 20:10:20', '2022-04-08 20:10:20'),
(24, 24, 'Papua', '2022-04-08 20:10:20', '2022-04-08 20:10:20'),
(25, 25, 'Papua Barat', '2022-04-08 20:10:20', '2022-04-08 20:10:20'),
(26, 26, 'Riau', '2022-04-08 20:10:20', '2022-04-08 20:10:20'),
(27, 27, 'Sulawesi Barat', '2022-04-08 20:10:20', '2022-04-08 20:10:20'),
(28, 28, 'Sulawesi Selatan', '2022-04-08 20:10:20', '2022-04-08 20:10:20'),
(29, 29, 'Sulawesi Tengah', '2022-04-08 20:10:20', '2022-04-08 20:10:20'),
(30, 30, 'Sulawesi Tenggara', '2022-04-08 20:10:20', '2022-04-08 20:10:20'),
(31, 31, 'Sulawesi Utara', '2022-04-08 20:10:20', '2022-04-08 20:10:20'),
(32, 32, 'Sumatera Barat', '2022-04-08 20:10:20', '2022-04-08 20:10:20'),
(33, 33, 'Sumatera Selatan', '2022-04-08 20:10:20', '2022-04-08 20:10:20'),
(34, 34, 'Sumatera Utara', '2022-04-08 20:10:20', '2022-04-08 20:10:20');

-- --------------------------------------------------------

--
-- Table structure for table `reviews`
--

CREATE TABLE `reviews` (
  `id` bigint(20) UNSIGNED NOT NULL,
  `product_id` bigint(20) UNSIGNED NOT NULL,
  `order_id` bigint(20) UNSIGNED NOT NULL,
  `customer_id` bigint(20) UNSIGNED NOT NULL,
  `rating` int(11) NOT NULL,
  `review` text COLLATE utf8mb4_unicode_ci NOT NULL,
  `created_at` timestamp NULL DEFAULT NULL,
  `updated_at` timestamp NULL DEFAULT NULL
) ENGINE=InnoDB DEFAULT CHARSET=utf8mb4 COLLATE=utf8mb4_unicode_ci;

-- --------------------------------------------------------

--
-- Table structure for table `sliders`
--

CREATE TABLE `sliders` (
  `id` bigint(20) UNSIGNED NOT NULL,
  `image` varchar(255) COLLATE utf8mb4_unicode_ci NOT NULL,
  `link` varchar(255) COLLATE utf8mb4_unicode_ci NOT NULL,
  `created_at` timestamp NULL DEFAULT NULL,
  `updated_at` timestamp NULL DEFAULT NULL
) ENGINE=InnoDB DEFAULT CHARSET=utf8mb4 COLLATE=utf8mb4_unicode_ci;

--
-- Dumping data for table `sliders`
--

INSERT INTO `sliders` (`id`, `image`, `link`, `created_at`, `updated_at`) VALUES
(4, '1HgtDHqscxnDBT85M5OWuh2OVJSMApSryShNRkuy.jpg', 'ikan1', '2022-04-13 06:42:01', '2022-04-13 06:42:01'),
(5, 'KpqwaunKPn6EiMYAfHKKquvPBvz84aQpL5lplxZX.jpg', 'ikan2', '2022-04-13 06:42:16', '2022-04-13 06:42:16');

-- --------------------------------------------------------

--
-- Table structure for table `users`
--

CREATE TABLE `users` (
  `id` bigint(20) UNSIGNED NOT NULL,
  `name` varchar(255) COLLATE utf8mb4_unicode_ci NOT NULL,
  `email` varchar(255) COLLATE utf8mb4_unicode_ci NOT NULL,
  `email_verified_at` timestamp NULL DEFAULT NULL,
  `password` varchar(255) COLLATE utf8mb4_unicode_ci NOT NULL,
  `remember_token` varchar(100) COLLATE utf8mb4_unicode_ci DEFAULT NULL,
  `created_at` timestamp NULL DEFAULT NULL,
  `updated_at` timestamp NULL DEFAULT NULL
) ENGINE=InnoDB DEFAULT CHARSET=utf8mb4 COLLATE=utf8mb4_unicode_ci;

--
-- Dumping data for table `users`
--

INSERT INTO `users` (`id`, `name`, `email`, `email_verified_at`, `password`, `remember_token`, `created_at`, `updated_at`) VALUES
(1, 'Administrator', 'admin@gmail.com', NULL, '$2y$10$gjFJf55izEIhT5f3hOy9C.8wjPc3sYsmnUL3fz1IVZeHxQr6Q2/wu', NULL, NULL, NULL);

--
-- Indexes for dumped tables
--

--
-- Indexes for table `carts`
--
ALTER TABLE `carts`
  ADD PRIMARY KEY (`id`),
  ADD KEY `carts_product_id_foreign` (`product_id`),
  ADD KEY `carts_customer_id_foreign` (`customer_id`);

--
-- Indexes for table `categories`
--
ALTER TABLE `categories`
  ADD PRIMARY KEY (`id`);

--
-- Indexes for table `cities`
--
ALTER TABLE `cities`
  ADD PRIMARY KEY (`id`),
  ADD KEY `cities_province_id_foreign` (`province_id`);

--
-- Indexes for table `customers`
--
ALTER TABLE `customers`
  ADD PRIMARY KEY (`id`),
  ADD UNIQUE KEY `customers_email_unique` (`email`);

--
-- Indexes for table `failed_jobs`
--
ALTER TABLE `failed_jobs`
  ADD PRIMARY KEY (`id`),
  ADD UNIQUE KEY `failed_jobs_uuid_unique` (`uuid`);

--
-- Indexes for table `invoices`
--
ALTER TABLE `invoices`
  ADD PRIMARY KEY (`id`),
  ADD KEY `invoices_customer_id_foreign` (`customer_id`),
  ADD KEY `invoices_city_id_foreign` (`city_id`),
  ADD KEY `invoices_province_id_foreign` (`province_id`);

--
-- Indexes for table `migrations`
--
ALTER TABLE `migrations`
  ADD PRIMARY KEY (`id`);

--
-- Indexes for table `orders`
--
ALTER TABLE `orders`
  ADD PRIMARY KEY (`id`),
  ADD KEY `orders_invoice_id_foreign` (`invoice_id`),
  ADD KEY `orders_product_id_foreign` (`product_id`);

--
-- Indexes for table `password_resets`
--
ALTER TABLE `password_resets`
  ADD KEY `password_resets_email_index` (`email`);

--
-- Indexes for table `personal_access_tokens`
--
ALTER TABLE `personal_access_tokens`
  ADD PRIMARY KEY (`id`),
  ADD UNIQUE KEY `personal_access_tokens_token_unique` (`token`),
  ADD KEY `personal_access_tokens_tokenable_type_tokenable_id_index` (`tokenable_type`,`tokenable_id`);

--
-- Indexes for table `products`
--
ALTER TABLE `products`
  ADD PRIMARY KEY (`id`),
  ADD KEY `products_category_id_foreign` (`category_id`),
  ADD KEY `products_user_id_foreign` (`user_id`);

--
-- Indexes for table `provinces`
--
ALTER TABLE `provinces`
  ADD PRIMARY KEY (`id`);

--
-- Indexes for table `reviews`
--
ALTER TABLE `reviews`
  ADD PRIMARY KEY (`id`),
  ADD KEY `reviews_product_id_foreign` (`product_id`),
  ADD KEY `reviews_order_id_foreign` (`order_id`),
  ADD KEY `reviews_customer_id_foreign` (`customer_id`);

--
-- Indexes for table `sliders`
--
ALTER TABLE `sliders`
  ADD PRIMARY KEY (`id`);

--
-- Indexes for table `users`
--
ALTER TABLE `users`
  ADD PRIMARY KEY (`id`),
  ADD UNIQUE KEY `users_email_unique` (`email`);

--
-- AUTO_INCREMENT for dumped tables
--

--
-- AUTO_INCREMENT for table `carts`
--
ALTER TABLE `carts`
  MODIFY `id` bigint(20) UNSIGNED NOT NULL AUTO_INCREMENT, AUTO_INCREMENT=33;

--
-- AUTO_INCREMENT for table `categories`
--
ALTER TABLE `categories`
  MODIFY `id` bigint(20) UNSIGNED NOT NULL AUTO_INCREMENT, AUTO_INCREMENT=2;

--
-- AUTO_INCREMENT for table `cities`
--
ALTER TABLE `cities`
  MODIFY `id` bigint(20) UNSIGNED NOT NULL AUTO_INCREMENT, AUTO_INCREMENT=502;

--
-- AUTO_INCREMENT for table `customers`
--
ALTER TABLE `customers`
  MODIFY `id` bigint(20) UNSIGNED NOT NULL AUTO_INCREMENT, AUTO_INCREMENT=2;

--
-- AUTO_INCREMENT for table `failed_jobs`
--
ALTER TABLE `failed_jobs`
  MODIFY `id` bigint(20) UNSIGNED NOT NULL AUTO_INCREMENT;

--
-- AUTO_INCREMENT for table `invoices`
--
ALTER TABLE `invoices`
  MODIFY `id` bigint(20) UNSIGNED NOT NULL AUTO_INCREMENT;

--
-- AUTO_INCREMENT for table `migrations`
--
ALTER TABLE `migrations`
  MODIFY `id` int(10) UNSIGNED NOT NULL AUTO_INCREMENT, AUTO_INCREMENT=15;

--
-- AUTO_INCREMENT for table `orders`
--
ALTER TABLE `orders`
  MODIFY `id` bigint(20) UNSIGNED NOT NULL AUTO_INCREMENT;

--
-- AUTO_INCREMENT for table `personal_access_tokens`
--
ALTER TABLE `personal_access_tokens`
  MODIFY `id` bigint(20) UNSIGNED NOT NULL AUTO_INCREMENT;

--
-- AUTO_INCREMENT for table `products`
--
ALTER TABLE `products`
  MODIFY `id` bigint(20) UNSIGNED NOT NULL AUTO_INCREMENT, AUTO_INCREMENT=4;

--
-- AUTO_INCREMENT for table `provinces`
--
ALTER TABLE `provinces`
  MODIFY `id` bigint(20) UNSIGNED NOT NULL AUTO_INCREMENT, AUTO_INCREMENT=35;

--
-- AUTO_INCREMENT for table `reviews`
--
ALTER TABLE `reviews`
  MODIFY `id` bigint(20) UNSIGNED NOT NULL AUTO_INCREMENT;

--
-- AUTO_INCREMENT for table `sliders`
--
ALTER TABLE `sliders`
  MODIFY `id` bigint(20) UNSIGNED NOT NULL AUTO_INCREMENT, AUTO_INCREMENT=6;

--
-- AUTO_INCREMENT for table `users`
--
ALTER TABLE `users`
  MODIFY `id` bigint(20) UNSIGNED NOT NULL AUTO_INCREMENT, AUTO_INCREMENT=2;

--
-- Constraints for dumped tables
--

--
-- Constraints for table `carts`
--
ALTER TABLE `carts`
  ADD CONSTRAINT `carts_customer_id_foreign` FOREIGN KEY (`customer_id`) REFERENCES `customers` (`id`),
  ADD CONSTRAINT `carts_product_id_foreign` FOREIGN KEY (`product_id`) REFERENCES `products` (`id`);

--
-- Constraints for table `cities`
--
ALTER TABLE `cities`
  ADD CONSTRAINT `cities_province_id_foreign` FOREIGN KEY (`province_id`) REFERENCES `provinces` (`id`);

--
-- Constraints for table `invoices`
--
ALTER TABLE `invoices`
  ADD CONSTRAINT `invoices_city_id_foreign` FOREIGN KEY (`city_id`) REFERENCES `cities` (`id`),
  ADD CONSTRAINT `invoices_customer_id_foreign` FOREIGN KEY (`customer_id`) REFERENCES `customers` (`id`),
  ADD CONSTRAINT `invoices_province_id_foreign` FOREIGN KEY (`province_id`) REFERENCES `provinces` (`id`);

--
-- Constraints for table `orders`
--
ALTER TABLE `orders`
  ADD CONSTRAINT `orders_invoice_id_foreign` FOREIGN KEY (`invoice_id`) REFERENCES `invoices` (`id`),
  ADD CONSTRAINT `orders_product_id_foreign` FOREIGN KEY (`product_id`) REFERENCES `products` (`id`);

--
-- Constraints for table `products`
--
ALTER TABLE `products`
  ADD CONSTRAINT `products_category_id_foreign` FOREIGN KEY (`category_id`) REFERENCES `categories` (`id`),
  ADD CONSTRAINT `products_user_id_foreign` FOREIGN KEY (`user_id`) REFERENCES `users` (`id`);

--
-- Constraints for table `reviews`
--
ALTER TABLE `reviews`
  ADD CONSTRAINT `reviews_customer_id_foreign` FOREIGN KEY (`customer_id`) REFERENCES `customers` (`id`),
  ADD CONSTRAINT `reviews_order_id_foreign` FOREIGN KEY (`order_id`) REFERENCES `orders` (`id`),
  ADD CONSTRAINT `reviews_product_id_foreign` FOREIGN KEY (`product_id`) REFERENCES `products` (`id`);
COMMIT;

/*!40101 SET CHARACTER_SET_CLIENT=@OLD_CHARACTER_SET_CLIENT */;
/*!40101 SET CHARACTER_SET_RESULTS=@OLD_CHARACTER_SET_RESULTS */;
/*!40101 SET COLLATION_CONNECTION=@OLD_COLLATION_CONNECTION */;
